6,0.5,200,0.004037344,4.654393696,7.938939511,0.063254682,95.54794521
6,0.4,200,0.004092535,4.911576758,8.471848308,0.066958523,95.20547945
6,0.4,2000,0.004205107,5.000864796,8.374968597,0.06715147,95.54794521
7,0.5,500,0.002481758,5.177622568,8.516113528,0.069463476,95.20547945
6,0.6,2000,0.003673213,5.263772771,8.649943187,0.070246788,95.20547945
9,0.4,500,0.002424054,5.26154445,8.849437304,0.071202698,94.52054795
7,0.5,100,0.002534282,5.325774634,8.729109597,0.071479425,94.8630137
5,0.6,800,0.004642253,5.363004655,8.945776517,0.071669335,95.20547945
7,0.2,800,0.004051904,5.506075671,8.865579462,0.073449634,94.8630137
6,0.4,1600,0.004085473,5.945460462,7.885944074,0.074798394,95.89041096
5,0.5,1400,0.00462324,5.688506267,9.18487298,0.075030323,95.20547945
10,0.6,1300,0.00159171,5.71864824,9.488837612,0.076613959,94.52054795
8,0.5,1900,0.002674734,6.037551977,8.483929024,0.076689668,95.89041096
9,0.2,2000,0.003567919,5.912882523,8.877097518,0.077287219,94.8630137
5,0.3,1400,0.004389692,6.020886312,8.570489955,0.077432905,95.54794521
6,0.5,1000,0.002546043,5.932945039,8.905577111,0.077476195,95.20547945
6,0.4,300,0.004204411,6.02282908,8.687423251,0.077677695,95.54794521
8,0.4,500,0.002644667,5.711741384,10.01992026,0.078333336,94.17808219
8,0.5,1500,0.002671315,5.847907927,9.599809378,0.078560919,94.52054795
3,0.6,1300,0.004710063,6.025983317,9.278518776,0.078727749,95.20547945
7,0.4,100,0.00420914,5.950357269,9.511824423,0.078875085,95.20547945
6,0.5,1500,0.003533396,6.0487142,9.468639558,0.079186761,95.20547945
5,0.4,1400,0.004483578,6.14196502,8.891963335,0.079416147,95.20547945
5,0.5,1600,0.003736215,6.209506657,9.275478238,0.079455196,95.89041096
6,0.3,1600,0.004730475,6.047368176,9.308567977,0.079538606,95.20547945
9,0.4,1700,0.002598828,6.298999016,8.767959157,0.07997996,95.54794521
5,0.6,1400,0.003460976,6.290764242,9.077071446,0.08036912,95.54794521
6,0.6,900,0.003991814,6.266809143,8.897656911,0.080455875,95.20547945
7,0.4,1700,0.003443699,6.147538768,9.438435895,0.080538278,95.20547945
7,0.6,300,0.002402243,6.322189059,8.992466295,0.081233537,95.20547945
5,0.2,700,0.006124165,6.410392067,8.774689783,0.081393152,95.54794521
8,0.6,600,0.002559976,6.447408379,9.144331225,0.081453904,95.89041096
6,0.5,100,0.003339019,6.0233666,10.2323654,0.081808961,94.17808219
7,0.3,100,0.004635714,6.445758267,9.542889185,0.082036173,95.54794521
6,0.6,700,0.002284706,6.197813944,9.790285164,0.082354638,94.52054795
8,0.6,500,0.002067542,6.586811104,8.971042616,0.082407671,95.89041096
6,0.4,1800,0.003971513,6.004324397,10.69957277,0.082961694,93.49315068
4,0.3,500,0.005715852,6.484270448,9.674669862,0.083566914,95.20547945
6,0.6,500,0.002758302,6.370959604,10.09086652,0.085250938,94.17808219
6,0.3,100,0.004476124,6.74264016,9.262694915,0.085530962,95.54794521
7,0.3,200,0.003659606,6.698885124,9.516354621,0.08586611,94.52054795
10,0.6,200,0.00140826,7.030010553,8.756403161,0.086222949,95.89041096
8,0.4,1700,0.003301484,7.003213926,9.208877387,0.086401998,95.89041096
5,0.3,1600,0.004714852,6.886435237,9.939466594,0.086670767,95.54794521
7,0.5,1500,0.002867488,7.041112213,8.9933501,0.086872212,95.89041096
4,0.5,200,0.007781403,7.094956094,9.09197391,0.08687744,95.89041096
8,0.3,1100,0.003129062,7.147167288,9.029849108,0.087536096,95.89041096
5,0.4,1300,0.004758397,6.90254631,9.468234031,0.087644566,95.54794521
9,0.3,1100,0.002608915,7.213845332,8.792364661,0.088393401,95.89041096
8,0.2,1500,0.004424465,7.175141314,9.441319491,0.088452228,95.89041096
10,0.3,1300,0.002397211,7.343824857,8.812488706,0.088941305,96.23287671
7,0.4,1600,0.002922063,7.203465111,10.04312168,0.089402644,95.89041096
8,0.3,1900,0.00438584,7.381446694,9.827747758,0.089555904,95.89041096
6,0.2,2000,0.005143338,7.098321865,9.414688868,0.089568062,95.54794521
7,0.6,800,0.002417589,7.165018176,9.386675406,0.089984065,95.20547945
3,0.6,100,0.005679065,7.137221372,9.834423909,0.090308822,95.20547945
4,0.6,100,0.003096341,7.45979325,9.46953835,0.091204306,95.89041096
5,0.4,1100,0.004655688,6.83682113,10.78441558,0.091214363,93.83561644
8,0.4,400,0.002742373,7.094227156,10.48018504,0.091307395,94.52054795
10,0.6,1200,0.001716613,7.14619994,10.30734202,0.091536514,94.52054795
8,0.6,1000,0.001529735,7.368882785,9.34943195,0.09155917,95.54794521
3,0.6,500,0.004444984,7.554245486,9.444578726,0.091717823,95.89041096
7,0.4,1800,0.004372528,6.830837281,11.08243838,0.091822297,93.83561644
7,0.3,1300,0.004174575,7.488680294,9.731488492,0.091884483,95.89041096
10,0.4,1300,0.001399234,7.444788683,9.367511387,0.092271361,95.54794521
8,0.3,2000,0.003601991,7.345397729,9.720971046,0.092284445,95.54794521
3,0.3,300,0.006741801,6.828302952,11.32161051,0.092515441,93.49315068
10,0.6,1400,0.001693734,7.841647117,9.130211271,0.092854694,97.26027397
4,0.5,100,0.004721565,7.715797594,9.705556665,0.093122958,95.89041096
10,0.4,1100,0.001496673,7.85572975,9.358699487,0.093248526,96.57534247
9,0.6,400,0.001563506,7.553540371,9.591849773,0.093446065,95.54794521
4,0.6,200,0.004501977,7.761369907,9.281166914,0.093534136,96.23287671
10,0.3,100,0.002925191,7.732229966,9.203310268,0.093575557,95.89041096
10,0.6,900,0.001229512,7.709470812,9.344136337,0.093803729,95.89041096
10,0.1,200,0.004603847,7.686704379,9.670039454,0.093938582,95.89041096
6,0.6,100,0.002881344,7.782154437,9.706935725,0.094041514,95.89041096
10,0.4,500,0.001872187,7.790090723,9.268192949,0.094057238,95.89041096
3,0.6,700,0.004588093,7.826191397,9.814920118,0.094263312,96.57534247
2,0.5,1700,0.007273559,7.527900762,9.764014167,0.094356434,95.20547945
6,0.3,800,0.004633235,7.724960351,10.480426,0.094451773,95.54794521
7,0.6,1100,0.001875521,7.73518161,9.86478944,0.094851138,95.89041096
7,0.2,1300,0.005294638,7.748077377,9.499573976,0.094930418,95.89041096
10,0.6,800,0.001572877,7.949267409,9.457855056,0.095355157,96.23287671
8,0.5,1400,0.002092591,7.996487851,9.202076934,0.095411979,96.57534247
4,0.6,1400,0.00384868,7.890355603,10.24208034,0.095615319,95.89041096
6,0.6,600,0.002437577,7.083175056,11.69786067,0.095677594,92.80821918
7,0.4,700,0.002507379,7.837986154,9.60007932,0.095997039,95.89041096
5,0.6,1000,0.003860093,8.014899442,9.764679233,0.097117196,95.89041096
10,0.2,400,0.003643695,7.815220852,10.19873619,0.097132298,95.54794521
6,0.6,1100,0.002355662,8.072191981,9.483234522,0.097248633,95.89041096
6,0.4,1200,0.004056596,7.899696587,10.29326586,0.097464682,95.54794521
8,0.3,1600,0.004653533,8.078034457,10.74897998,0.098586655,94.52054795
8,0.2,1000,0.004681608,8.33598032,10.08102329,0.098971821,97.26027397
9,0.3,200,0.002235395,8.084552745,9.916479226,0.098980566,95.54794521
7,0.5,1900,0.00238546,8.078808648,9.903694769,0.099181881,95.54794521
8,0.1,400,0.00473328,8.075540781,9.987737402,0.099266898,95.54794521
4,0.6,600,0.004507733,8.164347836,10.1910521,0.099461226,95.89041096
4,0.6,800,0.00359071,8.231329479,9.786105771,0.099566027,95.89041096
9,0.4,1400,0.001708895,8.233585015,10.40513922,0.099879249,95.54794521
9,0.3,1000,0.002275243,8.452854474,9.845530946,0.099896755,96.57534247
5,0.4,1200,0.003540753,8.240771667,9.926816542,0.099958907,95.89041096
5,0.5,800,0.002837125,8.344754135,10.0171219,0.100284415,95.89041096
7,0.6,1800,0.002796049,8.417536316,9.851284273,0.100861542,95.89041096
6,0.6,1800,0.003287266,8.465137208,10.08039793,0.101249589,95.89041096
3,0.5,1800,0.004876665,8.502536063,10.33277253,0.101269196,96.57534247
8,0.4,1200,0.001988532,8.561739298,9.716458214,0.101707837,96.57534247
7,0.6,1300,0.002467013,8.565301662,9.909556049,0.102184762,96.23287671
9,0.2,900,0.002937961,8.293780515,10.29908563,0.102219512,94.8630137
10,0.4,1000,0.001839676,8.341810681,10.54091609,0.102296923,95.54794521
3,0.6,1200,0.003869223,8.499815083,9.947646897,0.102317063,95.89041096
8,0.2,200,0.003021756,8.418692801,10.04573208,0.102321623,95.54794521
7,0.3,700,0.004270555,8.638652958,11.04739972,0.102720066,94.52054795
5,0.4,800,0.004866195,8.667897913,10.39613521,0.102793957,96.57534247
5,0.5,900,0.004235895,8.638115203,10.43528148,0.102815999,96.57534247
3,0.6,1500,0.003980146,8.500333339,10.08328337,0.102867123,95.89041096
5,0.6,1600,0.003658452,8.631682094,10.229313,0.102890951,96.23287671
5,0.6,700,0.003531077,8.527806762,10.06526454,0.102905434,95.89041096
4,0.5,400,0.003643801,8.610987893,9.984497321,0.103404934,95.89041096
8,0.4,100,0.003089155,8.603483897,10.49111823,0.103642312,95.89041096
9,0.3,1700,0.001835908,8.703082093,9.97161084,0.104044595,96.23287671
4,0.5,1600,0.003386978,8.730951999,10.08917061,0.10412201,95.89041096
4,0.6,300,0.003195319,8.812582771,10.32141957,0.105102933,96.23287671
5,0.2,1500,0.004663637,8.806923146,10.18985107,0.105132977,96.23287671
7,0.5,200,0.003101763,8.844454383,10.23489041,0.10513955,96.23287671
3,0.2,700,0.006415297,8.774524814,10.88385306,0.105171166,95.89041096
5,0.6,1100,0.004409934,8.918502779,10.45020138,0.105406746,96.57534247
2,0.5,1900,0.007059284,8.749762131,10.64242593,0.105774419,95.89041096
6,0.5,1400,0.003519831,8.920673248,10.34166295,0.105975886,96.23287671
5,0.5,700,0.002921784,8.748466692,10.48080231,0.106242552,95.54794521
8,0.6,200,0.002374391,9.01808573,10.10501181,0.106516653,96.57534247
3,0.5,1200,0.004991226,9.014325419,10.68149441,0.106518222,96.57534247
8,0.4,700,0.003296609,8.939107186,10.61567602,0.106775211,95.89041096
7,0.5,1600,0.002932109,9.027921907,10.24988731,0.106830509,96.23287671
6,0.5,1900,0.003266069,8.890060718,10.48078204,0.106904525,95.89041096
4,0.5,300,0.003479645,8.953710916,10.22733738,0.106979379,95.89041096
3,0.6,800,0.004494317,9.070462547,10.63255358,0.107002679,96.57534247
10,0.5,800,0.001227013,9.13882029,10.53383817,0.10762798,96.57534247
9,0.2,700,0.003227947,9.106068749,10.4987803,0.10804586,95.89041096
4,0.6,700,0.004511909,9.150735257,10.63995522,0.10825071,96.57534247
2,0.5,100,0.006655848,8.97455702,10.54804771,0.10829624,95.89041096
7,0.6,1900,0.002130123,9.079011491,10.47884649,0.108307936,96.23287671
7,0.6,1400,0.001857431,9.126990655,10.48547338,0.108323994,96.23287671
7,0.4,200,0.002270715,9.056948114,10.41603081,0.108483508,95.89041096
7,0.4,800,0.003738671,9.136789494,10.56462353,0.108687596,95.89041096
5,0.5,500,0.004053702,9.252554722,10.86263632,0.109088061,96.57534247
3,0.4,1900,0.005012509,9.157197682,10.54661054,0.109509397,95.89041096
7,0.1,800,0.006283881,9.272166438,11.14320817,0.109601275,96.57534247
5,0.5,1200,0.003902132,9.260618752,10.60658992,0.109631968,96.23287671
4,0.3,1300,0.006058538,9.241564275,10.84250796,0.110018574,95.89041096
5,0.5,1500,0.002883477,9.252811743,10.53567339,0.110355758,96.23287671
8,0.2,1900,0.003983252,9.381175365,10.52387358,0.110467009,96.57534247
5,0.3,800,0.005293162,9.224121622,11.3506884,0.110500005,95.20547945
4,0.3,1800,0.004455389,9.241440626,10.75493226,0.11053193,95.89041096
10,0.4,600,0.00193318,9.278794304,10.68555022,0.110597506,96.23287671
7,0.5,300,0.003066403,9.382219827,10.71265138,0.110658669,96.57534247
6,0.5,1100,0.003554747,9.111905803,11.51407177,0.110770724,94.52054795
5,0.3,2000,0.004949585,9.378649955,11.72632301,0.111003423,94.52054795
5,0.5,1900,0.00409653,9.419451641,10.94974283,0.111116192,96.57534247
8,0.5,1300,0.001650148,9.525233332,10.95852629,0.111326798,97.26027397
9,0.2,100,0.002717663,9.471752991,11.07577699,0.111504531,96.23287671
4,0.6,900,0.00363002,9.40259758,10.70933882,0.11162333,96.23287671
6,0.5,1200,0.004798486,8.615799585,12.42333045,0.111731828,92.80821918
4,0.4,1900,0.004131776,9.356698577,10.71344478,0.111854864,95.89041096
4,0.4,300,0.005303284,9.366341333,10.8921646,0.111914702,95.89041096
5,0.6,1900,0.003517834,9.502993728,10.71172301,0.111936032,96.23287671
4,0.3,300,0.006126079,9.48743281,10.89391018,0.11199543,96.57534247
9,0.6,1000,0.001777454,9.509645432,12.62095364,0.112299318,88.01369863
4,0.2,1700,0.006273853,9.422053747,11.00876916,0.112336616,95.89041096
5,0.4,1800,0.005535279,9.547657521,12.61327735,0.112444669,88.35616438
8,0.5,200,0.00246304,9.365730745,11.29868114,0.112479624,95.89041096
3,0.6,1400,0.004883807,9.583451178,11.01822455,0.112505692,96.57534247
6,0.5,400,0.003574338,9.554096777,10.91107099,0.112860757,96.23287671
3,0.4,400,0.005315962,9.621085953,11.15811091,0.112953676,96.57534247
5,0.5,100,0.004071712,9.616494871,11.17841469,0.112974053,96.57534247
5,0.6,2000,0.003349152,9.581240262,10.75510242,0.113062658,96.23287671
8,0.5,2000,0.001907616,9.573229515,10.89281057,0.113149862,96.23287671
5,0.2,100,0.006722673,9.574097752,11.4613479,0.113223984,95.89041096
7,0.3,1900,0.003038502,9.605274765,10.80044055,0.113288508,96.23287671
3,0.5,200,0.004142913,9.594896866,10.91148761,0.113487197,96.23287671
6,0.3,1500,0.005119337,9.611996144,11.59069707,0.113495457,94.17808219
4,0.5,1400,0.004678632,9.665830806,11.13510371,0.113564497,96.57534247
8,0.5,1200,0.001492461,9.631272401,10.9684252,0.113598685,96.57534247
8,0.5,100,0.002705002,9.619043059,10.84249109,0.113620107,95.89041096
5,0.6,600,0.003822497,9.689159878,11.05104404,0.113819001,96.57534247
4,0.2,1000,0.005630009,9.622211572,11.67368071,0.113870047,95.20547945
10,0.2,600,0.003071057,9.734568127,10.90493429,0.113900956,96.91780822
3,0.5,100,0.00408822,9.627538727,10.90983733,0.113940011,96.23287671
3,0.6,200,0.00418398,9.670280438,11.03552811,0.113953477,96.57534247
6,0.3,1800,0.003826353,9.604591531,11.19810554,0.114251405,95.54794521
4,0.4,2000,0.004390617,9.640901482,10.88093701,0.114463293,95.89041096
8,0.5,1600,0.002338554,9.784679534,10.86975949,0.114507324,96.57534247
3,0.6,600,0.004840861,9.780919163,11.21590377,0.114630666,96.57534247
5,0.6,1700,0.003560059,9.772004393,11.09634836,0.114749197,96.57534247
10,0.4,1200,0.001221813,9.71482021,11.04920586,0.114753647,96.23287671
10,0.2,100,0.002450463,9.584209529,11.07008713,0.115045927,95.54794521
5,0.5,1000,0.003706513,9.820949646,11.02730619,0.115300592,96.57534247
3,0.5,1300,0.005693507,9.785278193,11.22045631,0.115310913,96.57534247
8,0.5,1000,0.002659219,9.873638462,11.01972794,0.115348709,96.57534247
5,0.6,1500,0.003716983,9.798493383,11.00675678,0.115456955,96.23287671
6,0.4,1400,0.003829812,9.846804944,11.11405825,0.115715475,96.57534247
3,0.3,1900,0.005923325,9.862049413,11.37929395,0.115762015,96.57534247
3,0.4,700,0.004848471,9.787183836,10.93820504,0.115836512,96.23287671
9,0.3,1900,0.003589335,9.903671423,11.17164456,0.116056849,96.91780822
4,0.3,200,0.005855277,9.877770506,11.51636251,0.116079009,96.23287671
7,0.2,1700,0.004206371,9.864706586,11.4664286,0.116143545,95.89041096
9,0.2,800,0.002687524,9.944201956,11.57336275,0.116169014,96.91780822
3,0.4,300,0.005022989,9.830581358,11.08811672,0.116703189,95.89041096
6,0.6,1600,0.003237086,9.968158325,11.24222408,0.116919199,96.57534247
8,0.5,1800,0.002316752,10.004694,10.95637849,0.117009375,96.57534247
4,0.6,400,0.004179565,9.945128961,11.17418904,0.117180291,96.23287671
9,0.5,400,0.0020923,10.07196848,10.90847571,0.117236553,96.91780822
6,0.5,700,0.003504867,10.03660731,11.23633704,0.117318068,97.26027397
4,0.4,400,0.004066662,9.921926356,11.09763647,0.117385588,96.23287671
7,0.5,700,0.00235733,10.0858175,11.37153759,0.117439691,97.60273973
10,0.3,1000,0.002677609,10.16375847,11.38113844,0.117455513,97.60273973
3,0.5,600,0.004451519,10.01041038,11.33736239,0.117493461,96.57534247
4,0.5,800,0.004743203,10.0681951,11.48048053,0.117703887,96.91780822
4,0.6,500,0.005043216,10.02199505,11.52691201,0.117819122,96.23287671
3,0.6,1700,0.005503653,10.02456132,12.06623283,0.11794667,93.49315068
6,0.4,1100,0.002761639,10.16925413,12.08037986,0.117979926,95.20547945
8,0.5,400,0.002037158,10.09041069,11.55033563,0.118164655,96.91780822
4,0.5,700,0.004186316,10.04126971,11.31656804,0.118168727,96.23287671
4,0.4,700,0.005061199,10.08715263,11.41175662,0.118206306,96.57534247
6,0.4,1700,0.003976324,9.913668403,12.11314994,0.118248539,93.15068493
3,0.5,1700,0.00529231,10.12685827,11.47219182,0.11824983,96.91780822
3,0.5,1900,0.005193766,10.13840272,11.50814443,0.118266286,97.26027397
8,0.6,100,0.002605511,10.07409081,11.32838837,0.11828443,96.23287671
3,0.5,900,0.005319005,10.13839686,11.47387995,0.118392069,96.91780822
4,0.2,700,0.005893371,10.06311072,12.16394848,0.118431228,93.83561644
8,0.6,400,0.001683715,10.2099383,11.32279588,0.118513272,97.26027397
8,0.6,900,0.001919271,10.05290857,11.81493992,0.119028981,93.49315068
9,0.5,700,0.002160467,10.30926525,11.27870526,0.119134685,97.60273973
6,0.6,800,0.003866377,8.994127801,13.85737296,0.119135853,90.75342466
7,0.6,2000,0.00201704,10.28892838,11.42563879,0.119145488,97.26027397
3,0.4,1400,0.005205134,10.168431,11.56501583,0.119437217,96.57534247
10,0.4,1500,0.00228267,10.30090121,11.22101775,0.119583277,97.26027397
8,0.6,1800,0.001507616,10.02011668,11.90260181,0.11977092,94.52054795
3,0.6,900,0.005199488,10.26827328,11.62872122,0.120012682,96.57534247
9,0.2,1200,0.004579328,10.24318133,11.4485365,0.120059932,96.23287671
5,0.4,700,0.002521674,10.21060844,11.42775175,0.120283205,96.23287671
3,0.6,1800,0.00491507,10.26279457,11.47443945,0.120337296,96.23287671
6,0.6,400,0.003324357,10.25230447,11.50014893,0.120435272,96.23287671
6,0.4,1900,0.00402519,10.30916847,11.50743765,0.120436695,96.91780822
9,0.6,100,0.001951933,10.47213996,11.4633115,0.120447501,97.60273973
8,0.2,700,0.004442818,10.24546037,11.39564885,0.120472475,96.23287671
5,0.1,1300,0.007468104,10.29527548,12.65877273,0.120489535,90.75342466
4,0.5,1200,0.004992617,10.37531776,11.89118768,0.12061569,96.57534247
3,0.4,2000,0.005210792,10.25347148,11.37182178,0.120789936,96.23287671
3,0.4,500,0.005987221,10.34822472,11.61524133,0.120883961,96.57534247
5,0.4,200,0.004448194,10.34156508,11.47115801,0.12103962,96.57534247
8,0.3,1300,0.002301302,10.33657202,11.459838,0.12110077,96.57534247
4,0.3,800,0.004883861,10.23969423,11.46387238,0.121136734,95.89041096
9,0.5,1000,0.002026365,10.4097255,11.63813101,0.121381057,96.57534247
3,0.5,700,0.005223202,10.43711541,11.77765964,0.121414768,97.26027397
6,0.3,1900,0.003467322,10.35184214,11.51146425,0.121471575,96.23287671
10,0.5,400,0.001644632,10.55051287,12.16352165,0.121574223,96.91780822
3,0.4,1600,0.004822312,10.39324757,11.47462264,0.121803712,96.57534247
6,0.4,100,0.002678268,10.45370289,11.42816584,0.121829886,97.26027397
10,0.6,1700,0.001202294,10.4842037,12.01421189,0.121879742,96.57534247
4,0.4,800,0.004137839,10.41703181,11.42035523,0.122171023,96.23287671
7,0.2,100,0.004134894,10.43017339,11.57813738,0.122239221,96.23287671
9,0.2,600,0.003807922,10.44899936,11.72127025,0.122301782,96.23287671
2,0.6,300,0.005589924,10.47670959,11.64959179,0.122504624,96.57534247
2,0.6,600,0.005589924,10.47670959,11.64959179,0.122504624,96.57534247
2,0.6,700,0.005589924,10.47670959,11.64959179,0.122504624,96.57534247
2,0.6,1200,0.005589924,10.47670959,11.64959179,0.122504624,96.57534247
2,0.6,1900,0.005589924,10.47670959,11.64959179,0.122504624,96.57534247
10,0.4,2000,0.001554034,10.56290114,11.74124793,0.122599979,97.26027397
5,0.5,1100,0.002879373,10.50829562,11.72955073,0.122808155,96.23287671
5,0.5,200,0.003834408,10.42546203,11.76780481,0.122817304,96.23287671
6,0.6,1200,0.00255348,10.50622294,11.56568206,0.122819296,96.57534247
5,0.4,600,0.004247671,10.5508527,11.75691395,0.122860174,96.91780822
3,0.3,800,0.006474084,10.54882867,11.70867448,0.123128114,96.57534247
7,0.6,1000,0.002918181,10.57287875,11.71347317,0.123309356,96.57534247
2,0.5,1500,0.007244271,10.45068267,11.7115168,0.123425747,96.23287671
9,0.5,1700,0.00238666,10.54388987,12.468485,0.123455932,94.17808219
3,0.5,1400,0.005736596,10.59419796,11.90153254,0.123469338,96.57534247
3,0.5,1100,0.005205447,10.5541847,11.69426264,0.123493769,96.57534247
10,0.5,300,0.001725718,10.65072306,11.69910683,0.123526924,96.91780822
4,0.5,900,0.00366627,10.47743413,11.65545308,0.123614126,95.89041096
10,0.4,700,0.001473005,10.74508648,12.26896407,0.123814964,96.91780822
10,0.2,1000,0.001921219,10.63539243,11.72151522,0.123934275,96.57534247
5,0.6,900,0.003590824,10.63608633,11.80950946,0.124130429,96.57534247
8,0.4,1100,0.002641188,10.724921,11.94155746,0.124496522,97.26027397
7,0.6,1200,0.002809825,10.66147368,12.04101686,0.124544405,96.57534247
5,0.6,300,0.003751712,10.75652648,11.90644895,0.124587148,97.26027397
7,0.6,600,0.002262794,10.76372657,11.71162124,0.124588393,97.26027397
9,0.2,1600,0.002958387,10.93009908,12.20309265,0.124944314,97.60273973
8,0.4,2000,0.001942328,10.73278095,11.90555386,0.125080423,96.91780822
3,0.5,500,0.005617671,10.75142125,12.09321225,0.125147083,96.57534247
4,0.5,1700,0.004654652,10.71585792,11.82487184,0.12522859,96.57534247
4,0.3,900,0.005410019,10.78791233,12.04858045,0.125392332,97.26027397
8,0.3,400,0.002832949,10.84062609,11.88918844,0.125673758,97.26027397
7,0.5,1800,0.002598854,10.82108671,11.76554014,0.125681455,96.91780822
6,0.6,1000,0.00231393,10.64361667,12.4334911,0.125799063,92.80821918
8,0.3,200,0.003183651,10.94108854,12.53468298,0.125869673,96.23287671
5,0.3,500,0.005195546,10.83835504,12.16290163,0.125888454,96.57534247
9,0.5,1600,0.002177416,10.91913213,11.8575124,0.125971855,97.26027397
9,0.6,2000,0.001737863,10.88577185,12.10615057,0.12622782,95.89041096
8,0.5,900,0.002594429,10.85588657,11.97435784,0.12624062,96.57534247
5,0.3,1800,0.00523442,10.82570109,11.89731777,0.126256323,96.57534247
3,0.4,1200,0.00475258,10.83409502,11.98495988,0.126297783,96.57534247
5,0.5,1700,0.003386419,10.86936354,11.83312255,0.126586798,96.91780822
5,0.3,1500,0.005117526,10.91779753,12.23825957,0.126688354,96.57534247
5,0.4,400,0.004040149,10.88527565,11.90826727,0.126866483,96.57534247
3,0.1,2000,0.008416041,10.85467298,12.36031305,0.126900497,95.20547945
10,0.6,500,0.001712855,11.00773248,12.04491936,0.127018038,97.60273973
10,0.2,700,0.003377699,10.83371333,12.13877988,0.127133428,96.57534247
5,0.5,300,0.003767985,10.94345671,12.20174383,0.127143629,96.91780822
6,0.3,1700,0.004263099,10.93966536,12.05778222,0.127232845,96.91780822
7,0.3,300,0.003931593,10.9495213,12.20676667,0.127234771,96.57534247
3,0.3,600,0.006320505,10.92017931,13.08396273,0.127264972,89.38356164
4,0.5,1100,0.004979323,11.00848723,12.27437953,0.127340079,96.91780822
9,0.3,2000,0.002648349,11.00632624,12.40913917,0.127342224,97.60273973
9,0.3,600,0.002845073,10.81589076,12.68608868,0.127692629,91.78082192
10,0.4,100,0.00130282,11.10901629,12.36023116,0.127765442,97.60273973
2,0.5,700,0.005940774,10.99288351,12.08757386,0.127969012,96.57534247
2,0.5,1000,0.005940774,10.99288351,12.08757386,0.127969012,96.57534247
2,0.5,1400,0.005940774,10.99288351,12.08757386,0.127969012,96.57534247
9,0.6,300,0.001687951,11.08566856,12.54967886,0.128065402,95.20547945
3,0.3,1000,0.005623356,10.94218428,11.97959876,0.128213042,96.23287671
3,0.5,300,0.005314813,10.938784,12.30176262,0.128323954,96.23287671
5,0.4,900,0.004494973,11.07329402,12.31761553,0.128362462,96.57534247
9,0.5,2000,0.002328956,11.11930518,12.76266983,0.128426718,93.83561644
4,0.5,1300,0.004391019,11.06197491,12.19206251,0.128510773,96.91780822
7,0.5,1400,0.003399546,11.01173535,12.12454224,0.128553296,96.23287671
3,0.6,400,0.004686535,11.0885839,12.31274655,0.128697399,96.91780822
4,0.6,1600,0.003958736,11.11686597,12.41560575,0.128783506,95.89041096
9,0.3,1800,0.002660825,11.15925842,12.38412463,0.12881105,97.26027397
8,0.2,100,0.003393737,10.93791093,12.37990436,0.12893326,95.89041096
5,0.2,1400,0.005614314,11.11577243,12.92363449,0.129013423,92.46575342
4,0.6,1300,0.003785946,11.18807019,12.0536321,0.129096599,96.57534247
7,0.2,1500,0.00415268,11.10017436,12.48645492,0.129123301,95.20547945
7,0.1,2000,0.00680282,11.09860089,12.71811047,0.129146831,93.15068493
5,0.5,1800,0.004265672,11.07725073,12.22077114,0.12920922,96.23287671
5,0.3,200,0.005072884,11.12741976,12.15358176,0.129438722,96.57534247
2,0.4,100,0.00662379,11.09218996,12.21334503,0.129543705,96.57534247
3,0.3,1800,0.006321008,11.1506486,13.18407271,0.129589259,90.06849315
9,0.2,400,0.002780117,11.0385148,12.40950253,0.129602795,96.57534247
3,0.4,1800,0.005685606,11.21238027,12.48043734,0.129627329,96.91780822
5,0.5,2000,0.004395299,11.19183228,13.94747077,0.129659864,85.61643836
8,0.6,1500,0.00177241,11.35257155,12.37838023,0.129716767,98.28767123
5,0.3,900,0.00523433,11.20510161,12.30696404,0.129725563,97.26027397
2,0.6,1100,0.005980521,11.15141238,12.83201185,0.129773491,93.49315068
6,0.3,1300,0.004885643,11.17253016,12.31919395,0.129875552,96.57534247
10,0.1,1100,0.003119834,11.25371374,12.35991938,0.129966261,97.26027397
10,0.3,1200,0.001307112,11.21153014,12.45772037,0.130228752,96.91780822
4,0.3,1500,0.004757455,11.19974976,12.0996309,0.130532266,96.23287671
4,0.4,1000,0.005585999,11.29352715,12.54476114,0.130538001,96.91780822
7,0.4,1200,0.003409176,11.26976501,12.3077169,0.130554221,96.91780822
6,0.3,600,0.004236815,11.37639804,13.67564187,0.130707996,91.09589041
4,0.4,200,0.005864679,11.26468747,12.4803061,0.130780153,96.91780822
6,0.2,400,0.005225476,11.23348445,12.36220324,0.130814489,96.57534247
6,0.5,900,0.003270379,11.31137156,12.36043916,0.131245299,96.57534247
4,0.2,1200,0.006198717,11.32208984,13.30828401,0.131397806,89.04109589
6,0.4,1500,0.003610208,11.31287532,12.20934619,0.131426962,96.91780822
5,0.6,1200,0.004268008,11.35363883,12.59928107,0.131427216,96.91780822
4,0.5,1000,0.004167578,11.37822859,12.88065636,0.131435272,92.80821918
5,0.3,1100,0.00530222,11.32745119,12.36948626,0.131557506,96.57534247
8,0.3,800,0.003289162,11.40597332,12.3223837,0.131594265,97.26027397
3,0.2,900,0.006669035,11.38941748,12.87669564,0.13186556,95.20547945
4,0.1,300,0.00756097,11.36718144,12.41021579,0.131918304,97.26027397
7,0.5,1300,0.003460921,11.56881959,12.90176819,0.131920055,97.26027397
9,0.6,1300,0.002054317,11.51401138,12.3568061,0.132262379,97.60273973
8,0.1,1900,0.005659112,11.34297385,13.02515196,0.13235812,93.83561644
6,0.3,900,0.004663766,11.47944374,12.81965445,0.132397108,95.54794521
5,0.3,1700,0.004527711,11.43250664,12.48247043,0.132397325,97.26027397
8,0.3,1800,0.003226032,11.40392184,12.77634649,0.132431489,94.8630137
10,0.6,1100,0.0015068,11.54487795,12.57689485,0.132566902,97.26027397
3,0.5,800,0.005833403,11.3824963,12.65103861,0.132780799,96.57534247
2,0.6,200,0.005661326,11.47013902,12.68262015,0.132827488,96.91780822
2,0.6,1400,0.005661326,11.47013902,12.68262015,0.132827488,96.91780822
2,0.6,1800,0.005661326,11.47013902,12.68262015,0.132827488,96.91780822
2,0.6,2000,0.005661326,11.47013902,12.68262015,0.132827488,96.91780822
6,0.3,1200,0.004419383,11.49779573,12.60831129,0.132883486,96.57534247
7,0.5,400,0.001949642,11.53021518,12.62519286,0.132972832,97.26027397
3,0.6,2000,0.00492467,11.49906771,12.72882001,0.133052823,96.91780822
3,0.3,200,0.005934323,11.528866,12.91354496,0.133071042,94.8630137
5,0.4,2000,0.004712893,11.55152162,12.76734473,0.133142953,96.57534247
5,0.3,600,0.00511379,11.51777097,12.60939106,0.133143496,96.57534247
4,0.2,100,0.006073533,11.49299937,13.0144752,0.133198992,94.52054795
3,0.5,1000,0.005424894,11.47724978,12.67712167,0.13323285,96.57534247
6,0.2,600,0.00483873,11.46182364,12.4981374,0.133246583,96.57534247
6,0.3,1100,0.003689933,11.60400452,12.65629642,0.133281591,97.60273973
9,0.4,1900,0.001455929,11.3281032,13.52120486,0.133301419,89.04109589
4,0.5,500,0.003725106,11.50865359,12.55639694,0.133370816,97.26027397
3,0.6,1600,0.004714553,11.54375039,12.75761533,0.133414455,97.26027397
2,0.6,1600,0.005701113,11.53371403,12.75159978,0.13349738,96.91780822
9,0.1,1700,0.004098322,11.54736373,12.45110146,0.133564682,97.26027397
7,0.6,200,0.0017945,11.58208271,12.67844963,0.133565156,95.54794521
8,0.6,1400,0.001937721,11.71700313,12.69871413,0.133605064,97.60273973
3,0.6,1900,0.004563961,11.56964867,12.7752721,0.133643034,97.26027397
5,0.6,400,0.004309143,11.60861022,12.78489183,0.133799271,97.26027397
8,0.6,1300,0.002814475,11.66202992,12.81282921,0.133880252,97.26027397
4,0.2,1400,0.006044845,11.56138813,12.91927166,0.133897229,95.54794521
8,0.4,1600,0.002953253,11.64990756,12.79214605,0.134008474,96.23287671
6,0.5,2000,0.002374851,11.61873041,12.70380702,0.134061522,97.26027397
5,0.5,1300,0.004224313,11.62748763,12.95275102,0.134064623,95.89041096
4,0.6,1800,0.003507288,11.5986148,12.69807443,0.134093401,97.26027397
8,0.6,1200,0.002043415,11.76793541,12.7136272,0.134140345,98.28767123
3,0.3,1100,0.005982795,11.50992759,12.55221547,0.134144791,96.23287671
3,0.4,600,0.005001306,11.61064272,12.67844769,0.134372133,96.91780822
4,0.4,500,0.005261767,11.68816085,12.94381582,0.13452725,95.54794521
6,0.6,200,0.002822536,11.61730753,12.65032893,0.134554416,96.91780822
4,0.4,1200,0.005380613,11.69501953,12.96746524,0.134603667,95.54794521
4,0.3,1900,0.004591678,11.62512809,12.48825782,0.134742405,96.91780822
5,0.6,100,0.002472746,11.77939836,12.53708341,0.134947136,97.60273973
7,0.5,900,0.00310105,11.6907643,12.58915861,0.134987445,97.26027397
2,0.4,1100,0.006370662,11.65621509,12.66474434,0.134992616,96.91780822
2,0.4,1900,0.006370662,11.65621509,12.66474434,0.134992616,96.91780822
2,0.4,2000,0.006370662,11.65621509,12.66474434,0.134992616,96.91780822
4,0.5,2000,0.004431564,11.75301782,13.13276013,0.135036174,94.17808219
6,0.6,1700,0.003408815,11.72479737,12.7022775,0.135231012,96.91780822
7,0.2,900,0.003708353,11.57711186,12.98744669,0.135232287,96.23287671
7,0.2,200,0.005271446,11.72299347,13.02990974,0.135312654,94.8630137
10,0.2,200,0.002508867,11.8135021,12.79208231,0.135525407,97.26027397
5,0.2,500,0.004917696,11.73388643,13.59445497,0.135627432,89.7260274
6,0.4,1000,0.003803004,11.70641677,12.74586305,0.135745115,96.57534247
10,0.5,900,0.001006569,11.88632055,12.78431199,0.135824336,98.28767123
2,0.3,1000,0.007525887,11.68192671,12.75020507,0.135854495,96.57534247
10,0.6,1000,0.001855901,11.76414457,13.12949729,0.135925242,93.83561644
10,0.6,1600,0.00104704,11.76843931,13.11675154,0.135951893,96.23287671
9,0.4,1100,0.002238307,11.87683833,13.14757678,0.136160093,96.23287671
5,0.5,400,0.003932276,11.87163466,13.18534015,0.136356523,97.26027397
3,0.4,1500,0.005214544,11.84109407,12.93396739,0.136651925,97.26027397
3,0.4,200,0.005626053,11.88718943,13.21578419,0.1367491,95.54794521
2,0.1,400,0.009954068,11.77425237,13.04858175,0.136756772,95.20547945
5,0.2,1300,0.005091272,11.85344,12.80780351,0.136774699,97.26027397
2,0.6,800,0.006264122,11.80582372,13.29667429,0.136796883,93.49315068
3,0.3,2000,0.005540878,11.83903153,12.76249948,0.13688308,96.91780822
5,0.4,100,0.005059442,11.93220764,13.21977844,0.137130663,95.89041096
5,0.3,400,0.004595204,11.81737691,12.8147339,0.137267603,96.23287671
3,0.5,2000,0.004404101,11.89562524,12.95365963,0.137363907,96.91780822
3,0.3,900,0.005950671,11.94106825,13.26837263,0.137385841,94.17808219
2,0.5,1100,0.006003748,11.90493101,12.98176538,0.137412307,96.91780822
10,0.6,100,0.001697457,12.02611997,13.3427769,0.137556405,97.26027397
3,0.5,400,0.005165638,11.9705273,13.4322204,0.13760552,93.49315068
8,0.6,1700,0.001593601,11.99335664,12.85093536,0.137651857,97.60273973
8,0.3,300,0.003328016,11.98612121,13.59324081,0.137660747,92.46575342
3,0.5,1600,0.005203849,11.95481615,13.10556639,0.137884893,96.91780822
4,0.4,1500,0.004445204,11.92315815,12.96083468,0.137930648,96.57534247
9,0.6,200,0.001056056,12.0555423,13.8129664,0.138046133,91.78082192
3,0.3,700,0.005785491,11.97375058,13.73768297,0.138252451,89.04109589
2,0.5,500,0.005992896,11.98604333,13.12529679,0.138302353,96.91780822
2,0.5,800,0.005992896,11.98604333,13.12529679,0.138302353,96.91780822
2,0.5,2000,0.005992896,11.98604333,13.12529679,0.138302353,96.91780822
3,0.4,1300,0.005890959,11.95823547,13.08088095,0.138430847,96.91780822
5,0.4,1700,0.003335989,12.03951301,12.83244654,0.138434919,97.26027397
7,0.6,400,0.002725323,12.04179351,13.15086969,0.138518279,95.89041096
3,0.5,1500,0.005080886,12.02763906,13.17151159,0.138565755,97.26027397
3,0.3,100,0.005649324,12.01289743,12.92609535,0.138688786,96.91780822
7,0.4,600,0.003111506,12.00088863,13.57598089,0.138882514,93.15068493
6,0.6,1400,0.002725013,12.00722738,13.15289542,0.138942181,95.89041096
5,0.4,500,0.003358122,12.05726021,12.81687778,0.138984408,97.26027397
7,0.5,1700,0.003071727,12.10141665,13.30542737,0.139268496,95.20547945
6,0.2,700,0.004409549,12.10904182,13.23797109,0.139332195,96.23287671
4,0.4,1100,0.004215188,12.0946913,13.08933665,0.139798645,96.91780822
3,0.1,1000,0.008764257,12.10980006,13.15629393,0.14005138,96.57534247
7,0.5,1100,0.00225757,12.20315873,13.40367243,0.140109853,97.60273973
6,0.2,1800,0.005458077,12.17095922,13.12941948,0.140274448,97.26027397
9,0.6,700,0.001925373,12.23505706,13.16998621,0.140373064,97.60273973
6,0.4,700,0.004009287,12.11426368,13.2466882,0.140387686,95.89041096
5,0.5,600,0.004832553,12.27075481,13.48205138,0.140496086,96.23287671
8,0.4,1400,0.002828089,12.20594039,13.45478525,0.140587239,93.83561644
8,0.1,1700,0.00535744,12.25630635,14.56346067,0.140636763,87.67123288
3,0.3,400,0.006600459,12.16591116,13.31489846,0.140946844,96.57534247
8,0.2,300,0.002852981,12.34978749,13.7454246,0.140988175,92.12328767
4,0.3,1700,0.005193022,12.25427801,13.41962696,0.141064574,94.8630137
5,0.4,1500,0.003806824,12.29661872,13.05040255,0.141326648,97.26027397
9,0.6,1600,0.001909209,12.42624426,13.3175847,0.141335236,97.94520548
5,0.6,1300,0.002464639,12.34174334,13.11707864,0.141503588,97.26027397
7,0.4,1900,0.002905852,12.41793256,13.26453827,0.141653173,97.60273973
10,0.2,800,0.002658794,12.35929089,13.28691709,0.141696525,96.91780822
10,0.5,100,0.002221851,12.39234011,14.37012748,0.141931767,90.4109589
6,0.2,1500,0.003406299,12.32638296,13.26956707,0.141959969,97.26027397
7,0.3,1000,0.004153508,12.35762295,14.04700489,0.142157178,93.15068493
9,0.5,1200,0.002078586,12.3081683,13.57538014,0.142178661,93.49315068
6,0.2,300,0.005442152,12.36412118,13.45518366,0.142365822,95.54794521
2,0.5,900,0.006501346,12.35273313,13.86477533,0.142435094,91.09589041
3,0.2,200,0.007344936,12.38375532,13.46772194,0.142563099,96.91780822
10,0.2,1400,0.001701667,12.37583855,13.49201864,0.142587442,96.91780822
4,0.4,1700,0.004917337,12.38914225,13.42238566,0.142653927,96.91780822
10,0.1,1400,0.003016004,12.40760247,13.21398943,0.142732335,97.26027397
3,0.3,500,0.006006023,12.38992766,13.30041607,0.142734224,96.91780822
3,0.4,800,0.005213542,12.42612921,13.48356179,0.142762577,96.91780822
5,0.3,1200,0.004539917,12.36809492,13.24348995,0.142780355,96.91780822
9,0.5,1100,0.00218921,12.35629131,14.48736109,0.142788696,89.04109589
8,0.2,900,0.003240578,12.52559259,13.42897683,0.142841995,97.60273973
8,0.6,300,0.001662276,12.54849257,13.58260583,0.142935092,96.23287671
4,0.4,1300,0.004645902,12.40897747,13.44334836,0.142944944,97.26027397
4,0.6,1100,0.004911332,12.37931607,13.64630292,0.142947153,94.8630137
3,0.2,1400,0.006547554,12.45739903,14.02915612,0.143033431,88.69863014
8,0.1,1500,0.00462914,12.44148925,13.62172141,0.143175258,97.26027397
4,0.3,1400,0.005489786,12.40802582,13.32251831,0.143192983,96.91780822
2,0.3,1300,0.009012588,12.34842737,13.73017655,0.143384388,95.20547945
3,0.3,1300,0.006195108,12.5223425,13.71194873,0.143507176,94.52054795
3,0.4,1100,0.005606634,12.48811434,13.54784478,0.143553596,97.26027397
6,0.6,1300,0.002467645,12.59552458,13.78556297,0.143554645,94.17808219
4,0.6,1200,0.004626388,12.51443092,13.59087508,0.143641444,97.26027397
7,0.1,1100,0.005581096,12.45605501,13.29704934,0.143676855,96.57534247
3,0.2,1300,0.006078416,12.46787592,13.36992829,0.143709903,96.57534247
4,0.4,900,0.005018683,12.47878518,13.41827738,0.143779674,96.91780822
9,0.1,1400,0.003377735,12.50402371,14.24689502,0.144007869,89.38356164
2,0.3,300,0.006935025,12.51260657,13.41916773,0.144093842,96.91780822
2,0.3,500,0.006935025,12.51260657,13.41916773,0.144093842,96.91780822
6,0.3,1000,0.004455388,12.5038674,13.34029685,0.144129772,96.91780822
2,0.5,1300,0.006458781,12.56345118,14.08415151,0.144601409,89.7260274
7,0.4,500,0.003413328,12.60716816,13.62309108,0.144808898,95.54794521
6,0.2,1400,0.00516405,12.62661372,13.76711045,0.144911429,93.83561644
8,0.1,1300,0.005748389,12.60237147,16.27845548,0.145353712,78.08219178
2,0.4,200,0.006398996,12.65930098,13.70959013,0.145467525,97.26027397
2,0.4,1500,0.006398996,12.65930098,13.70959013,0.145467525,97.26027397
10,0.6,1800,0.001517026,12.77943222,13.76713832,0.145570395,96.91780822
8,0.6,1600,0.002156921,12.80688152,13.77269354,0.145677142,97.60273973
7,0.3,900,0.002637165,12.84151089,13.79440932,0.145732937,96.91780822
4,0.4,600,0.004702999,12.70249547,13.67231689,0.14574197,96.23287671
9,0.5,1500,0.002037204,12.80048841,13.60868522,0.145771546,97.94520548
9,0.3,100,0.002472894,12.72888806,13.84235107,0.145909823,94.8630137
6,0.5,800,0.002476741,12.74463296,13.66118614,0.145946812,97.60273973
3,0.1,1900,0.007922755,12.71462873,14.36293596,0.146098867,86.98630137
2,0.4,1700,0.006503009,12.72616126,13.79683264,0.146200376,96.91780822
3,0.2,300,0.006627603,12.66780836,13.51424467,0.146208778,96.91780822
6,0.3,400,0.004314315,12.74883896,14.09715376,0.146238554,90.06849315
4,0.4,1600,0.005039984,12.78286849,14.06728273,0.14626263,93.49315068
9,0.3,1300,0.003278942,12.88150775,15.68448342,0.146295115,81.84931507
3,0.4,900,0.005423736,12.75688004,13.81421749,0.146320127,97.26027397
8,0.4,1000,0.002305614,12.81987214,14.05136413,0.14635611,96.23287671
9,0.4,100,0.00129951,12.91114602,14.51952578,0.146406326,90.75342466
9,0.4,1600,0.002163401,12.75860378,14.05280227,0.146684047,92.12328767
5,0.2,1900,0.005264029,12.78253066,13.94554837,0.146702439,91.78082192
8,0.1,100,0.005949852,12.78396351,13.80536537,0.146738849,94.8630137
7,0.4,2000,0.002728937,12.75451609,13.60275808,0.146743469,96.91780822
6,0.3,1400,0.003995305,12.76724259,13.59711021,0.146747491,97.26027397
2,0.4,300,0.00754237,12.71875026,13.76545023,0.146787619,96.57534247
7,0.1,100,0.006720839,12.79594655,14.20574717,0.146870739,89.38356164
7,0.5,800,0.001995361,12.91088316,13.82410642,0.146870881,96.23287671
7,0.6,500,0.002071921,12.78116774,14.37438937,0.146916217,89.38356164
6,0.6,1500,0.002181287,12.87205565,13.83090735,0.146999189,95.89041096
4,0.3,100,0.005005021,12.78891327,13.60167475,0.147018802,97.26027397
3,0.2,600,0.006643202,12.84180416,14.24607618,0.147082325,89.38356164
10,0.4,1800,0.00166875,12.74972843,14.57099387,0.1472833,89.7260274
5,0.3,1300,0.004329802,12.88149676,13.98983528,0.14748998,92.46575342
7,0.2,1200,0.00499547,12.87031851,14.03766782,0.147627765,92.46575342
7,0.2,600,0.004099057,12.90999344,15.18769364,0.147664752,84.24657534
9,0.3,1400,0.002344499,12.96131989,14.312808,0.147764984,90.06849315
8,0.5,800,0.00238625,12.94359875,13.91465718,0.148113704,95.54794521
4,0.5,1500,0.005208273,12.93297714,14.0006148,0.148122734,97.26027397
4,0.3,2000,0.005532493,12.88814816,13.84721964,0.148245827,96.91780822
4,0.3,400,0.005295808,12.94150886,14.11918253,0.148260987,90.75342466
8,0.6,800,0.001984994,13.04769412,13.93522049,0.148278927,97.60273973
3,0.4,100,0.005711911,12.92661788,13.99592152,0.148355536,96.23287671
6,0.2,100,0.004689468,12.94197449,13.70350025,0.148430208,97.26027397
3,0.4,1000,0.005450276,12.92529894,13.94458928,0.148448312,96.23287671
7,0.3,1800,0.002724378,13.05810366,13.75701092,0.14849399,97.60273973
10,0.5,700,0.001631504,13.01630695,16.08598932,0.148508656,82.53424658
9,0.2,300,0.004549166,12.98632903,13.96340259,0.148636553,95.54794521
9,0.1,200,0.003598316,13.04713868,14.05319556,0.148692365,94.52054795
6,0.2,200,0.003420185,12.98328513,13.73212611,0.148762243,97.26027397
2,0.4,700,0.006555914,12.97883208,14.05350597,0.148879815,97.26027397
4,0.3,1100,0.006454251,13.04229244,14.18060675,0.149019559,94.52054795
9,0.5,1300,0.001728365,13.02502946,14.13699218,0.149054732,95.89041096
4,0.2,200,0.006383951,13.01323283,14.17908248,0.149082488,94.17808219
10,0.4,1400,0.002396869,13.07354565,14.06133139,0.149627936,97.26027397
7,0.4,1400,0.003391264,13.079518,14.16160598,0.149732798,93.49315068
7,0.2,1900,0.004295202,13.20850333,15.14921712,0.149815809,88.35616438
2,0.5,600,0.006298931,13.08228884,14.20091615,0.149870491,97.26027397
4,0.5,600,0.004694144,13.12973911,14.34799257,0.149871757,95.54794521
2,0.3,1700,0.007450993,13.06868867,14.58375171,0.149930177,87.32876712
2,0.6,1300,0.006691207,13.06632831,14.40449172,0.149978108,91.78082192
5,0.4,1600,0.004504822,13.1452829,15.80694294,0.150011657,82.19178082
6,0.4,800,0.003832252,13.14398968,14.28625733,0.150052265,94.52054795
2,0.5,1800,0.006493835,13.08502322,14.5988226,0.150056853,87.67123288
8,0.4,900,0.002170981,13.20511004,14.06373039,0.150098606,98.28767123
3,0.3,1700,0.007108013,13.07309223,14.12385312,0.150148087,96.57534247
6,0.4,600,0.002996371,13.21545069,14.09773478,0.150166968,97.26027397
3,0.6,1100,0.005346525,13.15493008,14.43519516,0.150193131,95.54794521
7,0.5,2000,0.002503312,13.17248817,14.00360567,0.150292093,95.54794521
7,0.1,1700,0.005387802,13.08657351,14.000017,0.150472988,96.91780822
9,0.3,400,0.002843217,13.08520586,14.50743115,0.1504807,91.09589041
3,0.2,1600,0.006747207,13.08766814,13.94186247,0.150500138,96.91780822
6,0.1,1900,0.005034893,13.12740549,13.97625966,0.150585256,97.26027397
4,0.2,500,0.006309402,13.13630431,14.16522752,0.150636384,93.83561644
5,0.2,1200,0.005698219,13.17594697,14.29224253,0.150656565,92.46575342
4,0.1,400,0.007166065,13.11063404,13.8441914,0.150660328,96.91780822
10,0.3,1100,0.001898192,13.3245765,14.45414423,0.150719818,97.26027397
9,0.1,800,0.004520883,13.18717117,14.04522746,0.150756731,97.26027397
9,0.6,1200,0.002603545,13.1437046,13.99123998,0.150822878,96.91780822
8,0.3,1400,0.002285911,13.32967095,14.14152134,0.150896859,98.28767123
8,0.5,500,0.00209539,13.28230214,14.25466839,0.151011944,95.89041096
9,0.4,600,0.002221106,13.17219577,14.76068496,0.151048056,90.06849315
7,0.2,1400,0.004243877,13.18673919,13.77906097,0.151133657,97.26027397
9,0.6,1400,0.002098941,13.22921057,14.55834316,0.151195374,93.49315068
3,0.2,1500,0.006918516,13.20696586,14.5046867,0.15122064,89.7260274
10,0.2,1800,0.003290502,13.26371549,14.20812212,0.151252213,96.23287671
7,0.6,1500,0.00190745,13.28162278,14.17543596,0.151356278,95.89041096
4,0.6,1700,0.004704773,13.30659237,14.62182373,0.151824722,94.8630137
7,0.1,1300,0.006224566,13.23994673,14.05718684,0.151978317,97.26027397
5,0.4,1000,0.003102476,13.3299152,14.02846888,0.152061011,96.91780822
7,0.2,1100,0.004802586,13.24601185,14.01168007,0.152069092,96.91780822
3,0.2,1700,0.00727944,13.30858577,14.3964508,0.152076394,94.17808219
8,0.1,2000,0.00492858,13.30892432,14.50335021,0.152101099,92.46575342
3,0.3,1500,0.005624591,13.31250104,14.27452339,0.152232218,95.54794521
4,0.1,1100,0.007098953,13.27474965,14.09533085,0.152262743,96.57534247
8,0.3,500,0.00266531,13.4641527,14.64219784,0.152360281,92.12328767
2,0.1,900,0.008807913,13.32451279,14.600014,0.152496762,89.04109589
10,0.6,400,0.001324125,13.48419424,14.5667403,0.152514311,94.17808219
6,0.2,1200,0.005586534,13.37745774,14.66383009,0.153077587,91.09589041
8,0.3,600,0.00312103,13.51262661,15.85868332,0.153132727,86.98630137
2,0.6,500,0.006766066,13.35798603,14.41862526,0.153158424,96.57534247
8,0.6,1900,0.001777112,13.53216815,14.85973273,0.153173381,93.15068493
9,0.1,1000,0.003814835,13.32390061,14.51735353,0.153205685,94.52054795
5,0.1,1600,0.00748394,13.39488372,14.43037371,0.153416341,92.80821918
9,0.6,1700,0.001641365,13.59354756,15.17778353,0.153492919,87.67123288
2,0.4,1000,0.006919435,13.42044474,15.02254459,0.153581766,85.95890411
4,0.4,1400,0.006227926,13.50153628,14.58524518,0.153705364,93.49315068
5,0.2,1100,0.00518853,13.42658179,14.21872285,0.153753297,96.57534247
3,0.1,1800,0.008568332,13.41907501,14.26780179,0.153940117,96.91780822
2,0.5,200,0.00666715,13.46520995,14.65552549,0.154125399,95.89041096
3,0.3,1400,0.005689338,13.49476787,14.46054461,0.154166163,95.54794521
2,0.3,700,0.007140629,13.47661708,14.43778418,0.154248608,97.26027397
6,0.4,400,0.003477621,13.48952233,14.36360505,0.154262673,97.26027397
2,0.6,1500,0.006754714,13.48598538,14.65169236,0.154375594,93.15068493
8,0.3,1200,0.002724602,13.55982457,14.34318825,0.154439217,96.91780822
10,0.6,300,0.0012054,13.58287719,15.15714473,0.154507851,88.35616438
9,0.4,300,0.002188774,13.57075265,14.28789565,0.154564518,96.23287671
10,0.4,300,0.001893353,13.67050733,15.56205094,0.154673127,86.30136986
2,0.3,200,0.006935929,13.52472873,14.48089745,0.154682147,97.26027397
2,0.3,400,0.006935929,13.52472873,14.48089745,0.154682147,97.26027397
2,0.3,1500,0.006935929,13.52472873,14.48089745,0.154682147,97.26027397
2,0.3,2000,0.006935929,13.52472873,14.48089745,0.154682147,97.26027397
10,0.5,600,0.001199886,13.60564256,15.13621512,0.15468723,89.7260274
2,0.3,1800,0.006976971,13.54069916,14.50509309,0.154856984,97.26027397
2,0.2,100,0.007748072,13.52956202,14.3387255,0.154919563,97.26027397
2,0.2,400,0.007748072,13.52956202,14.3387255,0.154919563,97.26027397
2,0.2,900,0.007748072,13.52956202,14.3387255,0.154919563,97.26027397
2,0.2,1400,0.007748072,13.52956202,14.3387255,0.154919563,97.26027397
2,0.3,600,0.006933618,13.5490121,14.50029625,0.154924983,97.26027397
10,0.5,200,0.001619698,13.66284118,14.63198833,0.15502691,95.54794521
2,0.5,1200,0.008207116,13.48101823,14.98261078,0.155227309,89.7260274
10,0.3,1800,0.001974577,13.60559299,15.23291184,0.155342406,89.7260274
3,0.2,400,0.007060427,13.63269138,14.78407668,0.155431173,91.78082192
8,0.1,1000,0.005595429,13.58554871,14.87939112,0.155468903,89.04109589
3,0.6,300,0.0054415,12.17310374,16.2673478,0.155471878,88.01369863
7,0.1,700,0.005148285,13.63589074,14.24231449,0.155542528,97.26027397
7,0.4,300,0.002364303,13.7347644,14.96778049,0.155601064,92.12328767
6,0.5,1300,0.002395886,13.77732814,14.61507471,0.155691427,95.54794521
2,0.5,300,0.006294651,13.67040604,15.11299575,0.155877465,86.64383562
10,0.3,1400,0.002119236,13.72767377,14.58889413,0.155899133,96.23287671
2,0.6,400,0.006550421,13.64143674,14.68778062,0.156077864,96.91780822
10,0.4,800,0.001374444,13.87529543,15.6601047,0.156089463,86.98630137
5,0.2,900,0.005955651,13.68702408,14.72469498,0.156090131,94.17808219
6,0.4,1300,0.002523011,13.75309695,14.4335886,0.156147486,97.26027397
10,0.5,1100,0.001179064,13.86854405,16.10962165,0.156269529,82.87671233
2,0.2,1300,0.008460695,13.6800845,15.41995796,0.156279124,83.21917808
8,0.1,1800,0.004688718,13.62748176,14.62325278,0.156431464,94.8630137
2,0.1,200,0.009469834,13.6599066,14.77936191,0.156437293,91.43835616
8,0.4,300,0.002534101,13.78312178,15.60295878,0.156608548,85.95890411
10,0.6,2000,0.001627576,13.81084737,14.82541793,0.156726011,94.8630137
4,0.2,1100,0.005352849,13.71947822,14.50564645,0.156786498,96.57534247
8,0.5,700,0.00210921,13.76399046,14.71686399,0.156797962,94.17808219
2,0.3,1200,0.007409406,13.72534245,15.16830603,0.156844981,86.30136986
6,0.2,800,0.00535593,13.7685554,14.85789818,0.156859854,90.75342466
10,0.2,1100,0.002265311,13.89040795,15.12641526,0.156875706,95.54794521
10,0.6,1900,9.61E-04,13.92374595,15.57756468,0.156888452,88.69863014
4,0.1,1900,0.007462706,13.728995,14.69548769,0.156930698,93.49315068
7,0.4,1300,0.002303693,13.88728906,14.74177714,0.156938832,97.26027397
10,0.1,1800,0.003081695,13.84753225,15.04443785,0.156971869,95.20547945
5,0.2,800,0.005931426,13.76816343,14.66264885,0.157106024,95.54794521
2,0.3,800,0.007410512,13.75570495,15.14283545,0.157184062,87.32876712
7,0.6,1700,0.003328465,13.65420457,14.76466474,0.157201022,94.17808219
7,0.3,1200,0.003128457,13.8550617,15.25915636,0.157204215,91.78082192
5,0.3,1900,0.004272816,13.80451581,14.69487418,0.157388534,96.91780822
6,0.5,500,0.002501385,13.83983008,16.30334103,0.157568845,81.16438356
5,0.2,1600,0.005506012,13.78038757,14.55269756,0.157681945,96.91780822
7,0.3,600,0.004039338,13.87742035,15.28633284,0.157760197,87.32876712
9,0.3,700,0.002519835,13.91396389,14.68948523,0.157776078,97.60273973
6,0.2,1100,0.004585162,13.80393323,14.54525754,0.157817958,97.26027397
2,0.4,900,0.007257617,13.80955625,15.02567529,0.157833924,89.7260274
8,0.6,1100,0.002230557,13.89198369,18.61316384,0.157893467,71.91780822
10,0.3,1900,0.002554499,13.95175465,15.64916102,0.157944439,89.38356164
9,0.2,1000,0.003176583,13.972129,16.0147121,0.158093886,83.56164384
2,0.2,800,0.00780615,13.83606029,14.66309708,0.15814895,97.26027397
7,0.4,1500,0.002570229,14.06186958,15.64426116,0.158179254,88.35616438
2,0.3,1100,0.007098676,13.86496953,14.84994461,0.158315456,96.57534247
9,0.5,100,0.001158855,13.93035265,15.16106625,0.158411695,92.80821918
4,0.1,1700,0.006837874,13.86690007,14.66207268,0.158455011,95.89041096
6,0.1,1300,0.007129076,13.9013471,15.10162838,0.158478301,88.35616438
10,0.5,1200,0.002039568,13.95276495,14.94730601,0.158860817,95.20547945
3,0.1,500,0.007989369,13.93314579,15.29501766,0.158891946,86.98630137
8,0.1,200,0.005294274,13.95499844,14.93773705,0.158953919,92.46575342
3,0.1,700,0.007920989,13.89698069,14.63803957,0.158972125,97.26027397
3,0.1,200,0.008252738,13.90229484,14.65990442,0.159026049,97.26027397
4,0.2,900,0.006513792,13.92290472,14.70521288,0.159135586,97.26027397
3,0.2,100,0.006358118,13.95351931,14.81957823,0.159226623,95.89041096
8,0.2,2000,0.003266068,14.07786657,15.12199804,0.159471205,92.12328767
9,0.2,200,0.00275703,14.02085314,15.12122649,0.159530916,90.06849315
5,0.2,300,0.005469515,13.9778863,14.80774706,0.15965093,96.91780822
9,0.2,1700,0.002926219,14.17351359,15.18427607,0.159901376,96.23287671
7,0.6,700,0.00144062,14.21316228,15.55185819,0.160075823,91.78082192
2,0.6,100,0.006790758,14.03608036,15.13655435,0.160134444,93.15068493
4,0.5,1900,0.005104753,14.08363259,15.30542248,0.160149633,92.80821918
10,0.1,1300,0.00379806,14.15499658,16.13700969,0.160284629,82.53424658
4,0.1,100,0.008686131,14.0558873,15.14782277,0.160373418,90.06849315
4,0.1,600,0.007268674,14.08482333,14.81222778,0.160734455,96.57534247
5,0.1,1900,0.007465081,14.12115,15.32978404,0.160856808,87.67123288
9,0.6,1100,0.001521328,14.30873965,16.10362747,0.161375929,83.90410959
9,0.4,200,0.00223618,14.29292679,15.22099174,0.161497539,94.17808219
6,0.2,1300,0.003868404,14.21838077,14.99939816,0.161788693,96.23287671
4,0.6,2000,0.004381631,14.2259213,15.45944543,0.161845653,93.49315068
8,0.4,1900,0.002512844,14.36687973,15.73021607,0.161877866,89.04109589
10,0.3,800,0.002007552,14.30898012,15.20487283,0.161922563,94.52054795
8,0.5,1100,0.002215747,14.28630708,15.21065225,0.162141049,93.49315068
5,0.1,100,0.007420365,14.24940647,15.68883127,0.162188865,84.24657534
5,0.1,800,0.00671138,14.24075661,15.50980489,0.162198837,85.95890411
4,0.4,1800,0.004813502,14.24839931,15.16415806,0.162225829,94.52054795
5,0.1,900,0.007418448,14.2432125,15.11289132,0.162353073,94.17808219
10,0.3,700,0.002441145,14.39616718,15.58715602,0.162377454,90.4109589
2,0.2,600,0.007926714,14.2378819,15.1336838,0.162399558,96.23287671
4,0.2,1300,0.006936922,14.31938766,15.45122544,0.162668081,88.69863014
5,0.1,1500,0.006988223,14.2736974,15.19872306,0.162716441,91.09589041
8,0.4,600,0.001585197,14.50146276,16.21064708,0.162896027,84.93150685
10,0.5,1600,0.001154609,14.48572253,16.39558643,0.162938931,84.93150685
4,0.6,1900,0.003911509,14.3035626,15.27731905,0.163034523,92.80821918
2,0.1,300,0.009019229,14.28968828,15.04434251,0.163037654,97.26027397
2,0.1,1300,0.009019229,14.28968828,15.04434251,0.163037654,97.26027397
2,0.1,1600,0.009019229,14.28968828,15.04434251,0.163037654,97.26027397
3,0.1,300,0.008214621,14.30003824,15.06057578,0.163117962,97.26027397
10,0.2,1500,0.002922225,14.3684599,15.1330424,0.163152837,96.91780822
3,0.6,1000,0.005178251,14.41317695,16.29131671,0.163411294,82.19178082
3,0.2,1200,0.006566207,14.36528205,15.22836003,0.163501842,95.54794521
9,0.6,1500,0.001767519,14.58370575,15.91608913,0.163533952,90.06849315
3,0.1,1600,0.007944698,14.34371073,15.09442662,0.163534875,97.26027397
9,0.1,1500,0.003201087,14.49669702,15.92060273,0.163585504,90.75342466
3,0.3,1600,0.005998634,14.42154766,15.87414542,0.163995748,84.24657534
10,0.5,500,0.001869276,14.59678692,16.84689543,0.16415002,80.47945205
3,0.2,1800,0.00666684,14.42052222,15.23675362,0.164289339,95.54794521
5,0.3,100,0.003565986,14.49894527,15.49538419,0.16433758,90.4109589
4,0.2,1900,0.006748803,14.43051424,15.27030809,0.164358237,96.57534247
3,0.2,1900,0.006742074,14.45855648,15.34237753,0.164592215,96.23287671
2,0.2,700,0.007988704,14.44591479,15.37173392,0.164609791,95.20547945
9,0.1,1800,0.003376183,14.50460609,15.50011826,0.164706247,94.17808219
4,0.1,2000,0.008161361,14.4938525,16.03692952,0.164780691,82.87671233
2,0.6,1000,0.006604443,14.49469832,16.02273802,0.164806586,83.56164384
8,0.1,700,0.004118534,14.53271483,15.56844108,0.16489571,94.8630137
9,0.4,1200,0.001174335,14.61933029,16.00449907,0.165031358,85.61643836
5,0.1,1800,0.00698888,14.50261143,15.26594369,0.165096197,94.17808219
2,0.4,400,0.007573899,14.50949614,15.48832163,0.165307662,94.17808219
4,0.2,1800,0.005668818,14.53389888,15.35104759,0.165377584,94.8630137
4,0.3,700,0.005235672,14.55715965,15.47253644,0.165407739,94.17808219
7,0.3,1700,0.00348211,14.59197568,15.71855658,0.165461064,88.35616438
6,0.2,900,0.005547104,14.60772066,16.12659941,0.165581441,83.21917808
10,0.5,1000,0.001565865,14.59862843,16.33815027,0.165671618,84.5890411
2,0.2,500,0.007752871,14.56170664,15.43751023,0.165731446,96.23287671
2,0.2,200,0.007723186,14.56873689,15.43852383,0.16579964,96.57534247
2,0.2,300,0.007723186,14.56873689,15.43852383,0.16579964,96.57534247
2,0.2,1000,0.007723186,14.56873689,15.43852383,0.16579964,96.57534247
2,0.2,1100,0.007723186,14.56873689,15.43852383,0.16579964,96.57534247
2,0.2,1200,0.007723186,14.56873689,15.43852383,0.16579964,96.57534247
2,0.2,1700,0.007723186,14.56873689,15.43852383,0.16579964,96.57534247
3,0.1,800,0.008233389,14.55032036,15.34123975,0.165848271,96.23287671
2,0.4,1300,0.007725375,14.53055374,15.62253149,0.165856419,91.43835616
6,0.1,1600,0.005997487,14.56319946,15.52110699,0.166004437,89.38356164
4,0.2,2000,0.006574683,14.59828325,15.49589998,0.166070952,95.89041096
6,0.1,2000,0.006858666,14.62910795,15.84282742,0.166205791,86.64383562
3,0.2,1000,0.006529742,14.65444669,15.95347062,0.166230376,84.93150685
4,0.1,500,0.007022204,14.60485687,15.36332021,0.166256115,95.54794521
2,0.1,1200,0.009144585,14.60375986,15.81786904,0.166269581,85.95890411
3,0.2,500,0.006588202,14.6271603,15.50658522,0.166296538,95.54794521
7,0.6,100,0.001839348,14.69441403,15.66497529,0.166401679,92.80821918
3,0.1,100,0.00824632,14.60565414,15.4010193,0.166425185,96.23287671
4,0.2,600,0.006317085,14.65623277,15.73780568,0.166464196,88.35616438
6,0.2,1600,0.004969069,14.69356417,15.78306121,0.166515694,90.4109589
6,0.1,500,0.006495382,14.64567835,15.30927026,0.166538867,95.89041096
4,0.3,600,0.006014497,14.67274352,16.09403631,0.166683566,84.93150685
6,0.1,1700,0.007466411,14.58574853,15.69740563,0.166702926,90.06849315
4,0.1,1500,0.007848256,14.6576959,15.41411792,0.166735621,94.17808219
4,0.1,900,0.007386008,14.70090808,16.07856042,0.167027323,83.21917808
8,0.3,900,0.002330418,14.85282233,15.97130684,0.16717079,91.09589041
8,0.6,700,0.002244525,14.8996055,16.0554437,0.167286998,90.06849315
9,0.4,800,0.002400175,14.8280169,17.95230245,0.167326002,71.91780822
8,0.2,1200,0.002943514,14.7348518,15.52361586,0.167546699,95.20547945
2,0.2,1800,0.008097223,14.75292357,16.12826734,0.167686879,83.56164384
7,0.4,1100,0.00254945,14.82482866,17.22373897,0.167922745,78.08219178
8,0.6,2000,0.001843023,14.88627339,15.89193117,0.167932412,91.78082192
7,0.1,1900,0.006119626,14.83364144,18.10422202,0.167950139,72.26027397
5,0.2,2000,0.004821919,14.78675691,16.12291767,0.167953603,84.24657534
8,0.2,400,0.003301941,14.77833068,15.96303449,0.168190597,90.4109589
4,0.1,1200,0.007302927,14.88159481,15.59812276,0.168342143,92.80821918
3,0.1,1100,0.008084508,14.83374937,16.15804236,0.168350401,83.90410959
9,0.2,1300,0.002581146,14.78612055,16.06101947,0.168381069,86.64383562
7,0.3,1100,0.003101278,14.84778655,15.644314,0.168575759,94.8630137
8,0.2,1100,0.002994084,14.96903137,15.86429507,0.168596935,92.46575342
9,0.5,600,0.001601632,14.89268755,15.97104099,0.168685306,90.75342466
5,0.1,200,0.007151168,14.84111611,15.59493159,0.168712137,95.54794521
9,0.5,1900,0.002245949,14.93042148,16.09159307,0.168719504,91.09589041
6,0.1,900,0.006596731,14.86559977,16.04748418,0.168748059,85.61643836
3,0.1,1400,0.007684418,14.84678593,15.64280535,0.168801222,94.17808219
5,0.2,1000,0.005320269,14.93522226,15.95923718,0.168947915,89.38356164
2,0.3,1900,0.008354438,14.8454714,15.87015593,0.169043182,92.80821918
6,0.1,400,0.006551319,14.91652193,16.02252381,0.169293908,86.64383562
10,0.3,900,0.002011051,15.00475639,15.95494413,0.169321664,92.46575342
7,0.3,2000,0.00316923,15.01366748,15.76181228,0.169496498,95.89041096
3,0.1,400,0.008094635,14.94356836,16.17283454,0.169612323,83.90410959
3,0.2,800,0.005490123,15.00660526,16.56343748,0.169618603,82.87671233
4,0.1,1300,0.007047998,14.94343478,15.71473554,0.169820667,94.17808219
2,0.2,1900,0.007807365,14.96628455,15.83342496,0.169964594,94.8630137
5,0.1,1700,0.006311711,14.95633669,15.66123998,0.170096343,95.89041096
4,0.1,1600,0.007786091,14.96939618,15.77472013,0.170143463,95.54794521
6,0.3,300,0.003824642,15.02918633,15.95192919,0.170234442,90.75342466
4,0.5,1800,0.005252573,15.01279453,16.20375548,0.170319211,89.7260274
10,0.3,300,0.002045341,15.16054417,16.07659235,0.170449872,92.12328767
10,0.3,600,0.001911823,15.22027952,16.35394343,0.170637976,89.7260274
5,0.6,1800,0.004136328,15.10305826,16.62944852,0.170657236,84.24657534
9,0.5,200,0.001636894,15.15685471,16.11779433,0.170706823,92.46575342
5,0.3,700,0.005452326,15.13619519,16.55085109,0.17079348,85.2739726
10,0.2,900,0.002596363,15.13491361,16.03417689,0.171084481,90.4109589
6,0.5,1800,0.002811422,15.14917126,16.08732833,0.171266294,92.80821918
7,0.2,700,0.00408904,15.1318122,15.7717898,0.171302144,96.57534247
4,0.1,200,0.007756064,15.11420528,16.04503227,0.171405089,88.35616438
9,0.3,1200,0.002405062,15.23168771,16.26330018,0.171416741,90.75342466
3,0.1,1200,0.008187982,15.11146437,15.90435347,0.17163922,95.54794521
8,0.4,200,0.003078205,15.24304051,16.33892149,0.171660461,90.4109589
6,0.4,500,0.003489304,14.98015413,17.94122014,0.171671699,74.31506849
4,0.1,800,0.007953047,15.14904047,16.22974718,0.171758982,86.30136986
10,0.2,1300,0.00248064,15.2289216,16.02075039,0.171820164,94.17808219
3,0.1,900,0.008063506,15.15611231,15.90818919,0.172050664,95.20547945
10,0.6,600,0.001231215,15.28903704,16.47134426,0.172175415,88.01369863
10,0.3,400,0.002204207,15.23456504,15.9984705,0.172330861,93.83561644
10,0.2,300,0.002854438,15.31876524,16.77965079,0.172334671,82.87671233
6,0.1,200,0.006625271,15.19822893,15.96344921,0.172520608,94.17808219
5,0.6,500,0.00359286,15.19632658,16.26600039,0.172573321,88.69863014
3,0.1,1500,0.008590219,15.237228,16.30874986,0.172760339,87.32876712
8,0.2,1300,0.003383014,15.36882364,16.65141368,0.172776101,85.95890411
7,0.6,900,0.002227737,15.37087406,16.49435172,0.172821988,88.69863014
4,0.2,800,0.005796193,15.29616169,16.7307592,0.172997364,82.53424658
5,0.1,600,0.006854518,15.27987435,15.92929756,0.17326045,95.89041096
6,0.3,500,0.004087531,15.27495091,16.17218456,0.173367242,91.09589041
4,0.1,700,0.007458422,15.30182618,16.50506905,0.1734505,84.24657534
9,0.5,1400,0.002001741,15.39925413,16.40864274,0.17353554,90.75342466
10,0.1,500,0.002561528,15.37953881,16.41472178,0.173555304,90.75342466
4,0.1,1400,0.007915886,15.31619189,16.10092002,0.173750608,94.17808219
9,0.3,1500,0.002081888,15.36705726,16.84979188,0.173827352,84.5890411
4,0.1,1000,0.007740468,15.3360461,16.1093405,0.173990748,95.20547945
7,0.4,900,0.00293069,15.45686976,16.40166188,0.174059841,90.75342466
9,0.3,300,0.001839291,15.41346874,17.56245173,0.174065801,80.47945205
2,0.1,800,0.008999805,15.34396248,16.16032924,0.174075875,94.52054795
2,0.1,1700,0.009000799,15.35483696,16.17213582,0.174193729,94.52054795
10,0.3,1600,0.002516939,15.46871623,16.46148716,0.174260842,91.09589041
2,0.1,1000,0.00900556,15.36581594,16.18429914,0.174310611,94.52054795
9,0.6,1900,0.00156304,15.55032763,16.81853844,0.174683402,86.30136986
3,0.1,600,0.008020506,15.40593311,16.19406053,0.174704005,93.49315068
8,0.3,1500,0.00270342,15.51630085,17.37648056,0.174822714,81.16438356
10,0.1,1000,0.004382015,15.57190459,16.83907844,0.174854319,85.61643836
9,0.5,800,0.001811415,15.55485799,16.80852453,0.174860902,85.61643836
10,0.4,1600,0.001949714,15.54812926,16.38718998,0.175275791,91.09589041
2,0.6,900,0.007213862,15.47446736,16.59610649,0.175296381,86.64383562
3,0.4,1700,0.005500084,15.55199389,16.77919235,0.175339839,87.32876712
4,0.2,300,0.005269107,15.50860101,16.59819866,0.175400085,88.01369863
10,0.3,200,0.003029234,15.45376024,16.15204268,0.175485056,94.52054795
2,0.4,1600,0.008020647,15.49534378,16.46045962,0.175729542,91.78082192
2,0.1,1500,0.009394101,15.48933156,16.38836239,0.175736271,93.15068493
7,0.3,1500,0.003613335,15.56049201,16.74219265,0.176064657,85.2739726
9,0.1,900,0.003806085,15.6124239,16.44461145,0.176107999,92.80821918
9,0.4,2000,0.001859553,15.66192965,16.8480008,0.176288875,86.64383562
6,0.2,1000,0.003354179,15.64309043,16.67900385,0.176685112,84.93150685
3,0.2,2000,0.007701407,15.5899586,16.55037652,0.176720173,90.06849315
10,0.1,1200,0.004151538,15.55298348,16.85930887,0.176877372,85.95890411
10,0.2,1200,0.001803584,15.77483815,17.28113234,0.177165682,82.53424658
6,0.1,700,0.005566234,15.68667894,16.78162503,0.177179661,84.24657534
7,0.6,1600,0.001917125,15.85173553,17.73146763,0.177558605,78.08219178
3,0.1,1300,0.008094288,15.69726592,16.52655718,0.177760302,92.80821918
4,0.3,1000,0.005551271,15.7592625,16.8683967,0.178000443,87.32876712
7,0.5,600,0.002504758,15.86604579,18.200126,0.178015156,71.91780822
6,0.1,100,0.005653882,15.80323365,16.39289637,0.178336006,96.91780822
9,0.6,1800,0.001829182,15.96864297,17.5977924,0.178964629,79.10958904
3,0.1,1700,0.008112909,15.81963753,16.64298707,0.179053795,92.46575342
5,0.1,1400,0.006244512,15.81147637,16.49708551,0.179293973,93.83561644
7,0.1,300,0.004911499,15.87575834,16.70106717,0.179660281,88.01369863
2,0.4,1800,0.006855251,15.92601643,17.07586079,0.179945945,85.2739726
2,0.3,1400,0.007088831,15.93350009,17.62250873,0.179949599,77.73972603
3,0.3,1200,0.00709592,15.92415822,17.03071539,0.180054508,86.30136986
2,0.2,2000,0.008589491,16.01722442,17.03043677,0.18103327,86.64383562
10,0.5,1300,0.00136476,16.14162516,18.12783682,0.181050065,77.39726027
5,0.2,600,0.005514685,16.1057591,17.71776767,0.181310918,80.47945205
2,0.1,1100,0.009639169,16.01696702,16.89731409,0.181330632,91.09589041
2,0.6,1700,0.007225002,16.04706109,17.30744171,0.181389389,81.84931507
8,0.4,1800,0.002732232,16.09110178,19.39000617,0.18140991,68.83561644
9,0.5,1800,0.001955443,16.13946266,18.31388662,0.181483444,80.47945205
10,0.1,400,0.002904652,16.18393028,17.70207408,0.181716986,82.19178082
2,0.4,500,0.007598447,16.08441846,17.14757875,0.181748135,84.93150685
2,0.2,1500,0.009018953,16.08931461,17.07947548,0.182033622,87.32876712
9,0.3,800,0.001851545,16.25186083,17.83751642,0.182188906,79.79452055
9,0.4,1000,0.002650874,16.11502894,16.8384251,0.182192079,91.78082192
8,0.2,800,0.00351408,16.15454541,16.72044041,0.182449079,93.83561644
6,0.1,1500,0.005181608,16.15002808,16.83306798,0.182488132,89.38356164
5,0.1,400,0.006476485,16.16836988,16.88796441,0.182716244,93.15068493
5,0.3,1000,0.003691036,16.25772708,17.11385142,0.182761271,91.43835616
2,0.1,1400,0.009669118,16.1532866,17.03363782,0.182776573,90.06849315
6,0.1,300,0.005025027,16.30740871,17.61150499,0.183052259,78.42465753
7,0.4,1000,0.003305903,16.37443349,18.18547825,0.183559289,75.34246575
10,0.3,1500,0.001516165,16.38387655,18.19144594,0.183621126,77.39726027
7,0.2,500,0.003896025,16.2740856,17.04544829,0.183815497,91.78082192
6,0.1,1800,0.006580618,16.27373788,17.09897475,0.183848446,91.78082192
6,0.1,1100,0.006308137,16.32257432,17.3075093,0.184174284,84.24657534
6,0.2,1900,0.00526269,16.31020596,17.15329283,0.184202462,91.09589041
5,0.2,200,0.005529796,16.32473311,17.38524182,0.18434197,84.93150685
9,0.1,400,0.004249358,16.35557311,17.46283492,0.184403204,82.53424658
6,0.3,700,0.002837726,16.45673202,17.19366837,0.184564029,90.06849315
2,0.3,1600,0.007122675,16.37870201,17.70193121,0.184743377,81.84931507
7,0.3,1600,0.003055584,16.43018565,17.48368952,0.184839673,83.56164384
8,0.2,500,0.003354044,16.43868917,17.34512483,0.185039032,87.67123288
7,0.3,500,0.002839412,16.54257258,17.37750937,0.18510448,87.67123288
2,0.3,900,0.007472033,16.40691389,17.53316878,0.185109024,81.84931507
7,0.1,500,0.006046384,16.40515859,17.46463117,0.185146967,82.53424658
8,0.4,800,0.002288031,16.48649003,17.37834998,0.185158424,87.32876712
9,0.1,700,0.004316126,16.47783126,17.83020663,0.185730986,75.68493151
2,0.4,800,0.007853558,16.46029203,17.45785328,0.185864563,86.30136986
2,0.5,400,0.007816922,16.48204997,17.72260458,0.186051463,78.76712329
10,0.2,2000,0.002509026,16.66060901,17.68768393,0.186531459,85.2739726
2,0.4,600,0.008319489,16.53851321,17.6564887,0.186696467,80.47945205
6,0.2,500,0.00490089,16.53155587,20.22934162,0.186777341,68.15068493
10,0.3,1700,0.002144257,16.60247229,18.8884896,0.187247936,72.60273973
5,0.3,300,0.004095989,16.62129313,17.40919899,0.187262143,88.35616438
8,0.3,700,0.002514311,16.6373369,17.51870782,0.187420049,85.2739726
9,0.4,1500,0.001525879,16.75341725,19.37808429,0.188105328,69.8630137
9,0.1,300,0.003563168,16.75215006,17.98132517,0.188149903,81.50684932
9,0.4,900,0.002503307,16.79106619,18.10202385,0.188598594,79.45205479
10,0.2,500,0.003014945,16.76118444,17.6471249,0.188834174,86.98630137
8,0.3,1000,0.002232849,16.84604501,17.72575394,0.189434721,84.5890411
4,0.4,100,0.005980051,16.85286447,18.16943371,0.189726019,77.05479452
4,0.6,1000,0.002405612,16.97718021,18.30454379,0.189739683,78.76712329
6,0.5,1600,0.002832754,16.88531407,19.05681707,0.189854867,77.39726027
6,0.1,1200,0.006976955,16.87549166,17.82026591,0.189928119,84.93150685
9,0.3,500,0.002211034,16.99742865,17.81844726,0.190147229,85.2739726
7,0.1,200,0.005060625,16.90106987,17.66395804,0.190308703,86.98630137
2,0.4,1400,0.008521976,16.89238013,17.91891425,0.19047964,79.79452055
8,0.1,600,0.004614075,17.02681666,18.81702679,0.190898305,70.20547945
10,0.4,1900,0.002442751,16.79841845,20.19906766,0.190930913,69.52054795
8,0.2,1800,0.003827187,16.9332207,18.17455288,0.190941272,79.79452055
5,0.1,500,0.00598181,17.07197362,17.71010529,0.191291696,90.75342466
7,0.1,1400,0.00593151,16.99697836,17.97572147,0.191297341,82.19178082
9,0.1,100,0.003252754,17.05835917,18.18782694,0.191306518,79.10958904
8,0.1,300,0.004724744,17.08320302,18.06679526,0.191507385,81.84931507
7,0.2,1000,0.002868201,17.08644123,17.74926534,0.191686448,89.38356164
2,0.1,700,0.010346648,17.01162434,17.86325207,0.191988059,84.93150685
9,0.5,900,0.00209027,17.12463647,18.13765816,0.192171674,82.53424658
9,0.1,1900,0.00403499,17.10687493,18.50234056,0.192202936,73.63013699
2,0.2,1600,0.008322471,17.06949631,18.02254532,0.192211233,83.90410959
2,0.3,100,0.008857292,17.0620023,18.21292493,0.192219225,78.08219178
2,0.5,1600,0.007731268,17.08060789,17.98589562,0.19231908,80.47945205
10,0.2,1600,0.002743646,17.20651502,17.96799844,0.192955499,87.32876712
10,0.4,200,0.001829993,17.27118659,18.51132263,0.193015496,79.79452055
9,0.4,1300,0.001438818,17.22256882,18.73301669,0.193152827,75
7,0.1,1200,0.006323676,17.22474597,18.63791596,0.19343625,77.05479452
3,0.2,1100,0.006443037,17.30037714,18.48462781,0.194488918,75
9,0.6,900,0.001980355,17.32525178,18.32741566,0.19457885,82.87671233
8,0.1,1600,0.004946897,17.27100295,19.07754307,0.194652286,77.05479452
8,0.2,1600,0.0031118,17.42049913,18.65655067,0.195075452,80.1369863
7,0.2,1600,0.003900009,17.42621511,19.11891076,0.195133297,71.57534247
4,0.6,1500,0.005468619,17.29992893,18.44648443,0.195405146,77.39726027
10,0.1,1600,0.003592007,17.42089858,18.32736458,0.195614707,81.84931507
10,0.1,300,0.00366093,17.35571864,18.71173903,0.195728646,77.39726027
10,0.3,500,0.002070948,17.50495505,18.43211816,0.196349011,81.84931507
7,0.1,1000,0.004249786,17.55204006,18.17816096,0.19669263,88.01369863
2,0.1,600,0.010214891,17.50484038,18.4936203,0.197027248,78.42465753
10,0.2,1900,0.002569644,17.58973922,18.31929784,0.197099814,86.30136986
5,0.6,200,0.003814671,17.51239541,18.68799405,0.197104857,77.73972603
2,0.1,1900,0.01097732,17.54683428,19.22119606,0.197247947,69.17808219
6,0.5,1700,0.003173462,17.64086133,19.04396117,0.197769826,75.68493151
9,0.6,800,0.001982202,17.59485726,20.78851809,0.198064518,64.7260274
9,0.1,1600,0.005228166,17.719413,19.15946365,0.198104269,72.60273973
10,0.1,1500,0.003179534,17.73765742,19.05409885,0.198496778,76.36986301
2,0.1,100,0.011146062,17.62006206,18.76217257,0.198535626,76.36986301
2,0.4,1200,0.007883059,17.66424543,18.79257529,0.198618569,77.73972603
10,0.1,700,0.004296476,17.79903163,19.40107709,0.198876524,68.83561644
8,0.4,1500,0.002916334,17.60307828,22.7516007,0.198970869,64.38356164
9,0.3,900,0.002253521,17.86849503,18.83700764,0.199828986,79.79452055
4,0.2,1600,0.006197142,17.79379898,18.86903334,0.199921142,75
5,0.1,1100,0.007107531,17.81096776,18.66222285,0.200320205,81.50684932
9,0.4,400,0.001945724,17.91470931,19.02167202,0.20033002,76.71232877
10,0.5,2000,0.001105771,17.912508,19.65659735,0.200367923,70.20547945
7,0.3,400,0.002562113,17.93256324,18.94727913,0.200579105,78.76712329
5,0.4,300,0.002809864,17.92676968,18.76125224,0.201010017,79.79452055
9,0.2,1100,0.002895464,17.95098513,18.78998436,0.20112642,81.84931507
9,0.6,500,0.001444505,17.99494378,19.81790676,0.201547114,71.57534247
8,0.2,1700,0.003470438,18.1013326,19.46326223,0.201994576,72.94520548
5,0.1,2000,0.007374331,17.97478052,18.823232,0.202081003,81.16438356
10,0.1,2000,0.003861744,17.990931,21.2213397,0.202147321,63.35616438
7,0.2,2000,0.003483621,18.0873219,19.77892167,0.202323905,65.4109589
9,0.2,500,0.002158359,18.16092499,19.68344575,0.20269434,64.7260274
9,0.2,1800,0.002674648,18.18835308,19.96458685,0.203431564,66.09589041
6,0.5,600,0.002605888,18.09337542,20.74022468,0.203558358,61.64383562
10,0.4,1700,0.001500562,18.26856948,20.76661897,0.204758269,66.09589041
6,0.1,1400,0.006621665,18.26134561,19.1602266,0.204779386,74.65753425
5,0.2,1700,0.004759139,18.3157544,19.18669204,0.204870268,76.36986301
4,0.2,1500,0.004631697,18.35286071,19.82230033,0.204892653,67.46575342
4,0.3,1600,0.005380448,18.25442993,19.24843568,0.205100241,74.65753425
10,0.6,700,0.001004216,18.40898274,20.35116012,0.206040047,64.7260274
6,0.3,2000,0.004409293,18.44291422,19.65998911,0.20653799,70.54794521
7,0.4,400,0.00238755,18.51414759,20.07695326,0.20680564,66.43835616
10,0.4,900,0.001660127,18.42695894,21.02397846,0.206887765,61.30136986
8,0.5,300,0.001797086,18.52268019,19.90077684,0.206927891,70.20547945
10,0.2,1700,0.00340652,18.46680492,20.48360456,0.207044723,75.34246575
8,0.2,600,0.003032094,18.76890758,19.79540023,0.209078154,72.26027397
5,0.1,700,0.006555832,18.69802394,20.93941295,0.209549956,61.64383562
6,0.3,200,0.00362536,18.8166704,20.5275751,0.209943084,67.46575342
6,0.1,600,0.005858472,18.8036263,20.01244768,0.210110621,70.89041096
10,0.5,1400,0.001385421,18.75855187,21.99444222,0.210620619,63.35616438
9,0.1,2000,0.003701498,18.83749419,19.95417948,0.210816542,72.94520548
8,0.1,1100,0.003832563,18.91307251,19.71345439,0.211289885,72.94520548
5,0.1,1000,0.007423572,18.89873148,19.84485214,0.211796066,67.80821918
7,0.5,1000,0.002045987,19.09529609,20.74051351,0.213296156,63.01369863
9,0.2,1900,0.002451638,19.10221653,20.07392747,0.21335019,69.8630137
10,0.1,1900,0.005121323,19.05158395,21.51153346,0.213759601,60.95890411
7,0.3,1400,0.00328842,19.03302928,21.77357531,0.213771207,61.30136986
9,0.2,1400,0.002660821,19.14704053,20.88733182,0.213933001,60.95890411
8,0.3,1700,0.002917963,19.17935381,21.15923477,0.214601789,64.38356164
6,0.6,1900,0.002748158,19.26948685,20.7570672,0.214880103,63.69863014
8,0.5,1700,0.001481803,19.37417931,20.95282238,0.215675143,58.56164384
5,0.1,300,0.007019486,19.37785268,21.91653043,0.217157017,64.04109589
2,0.1,500,0.009803106,19.50116923,20.82922945,0.218226337,60.2739726
8,0.1,1200,0.004572577,19.62181354,20.60284248,0.218657126,61.64383562
9,0.3,1600,0.002260842,19.62070192,22.05763722,0.218816854,54.10958904
7,0.1,400,0.005108437,19.57911557,21.85000881,0.219160733,61.98630137
2,0.1,2000,0.01143215,19.60328344,20.73738845,0.219501847,62.32876712
8,0.1,1400,0.003904846,19.86953427,20.80151811,0.221440505,65.06849315
4,0.3,1200,0.005844968,19.90208498,21.02109305,0.22232039,61.64383562
10,0.1,100,0.003355972,19.95509232,20.81817265,0.222345603,64.04109589
10,0.1,900,0.003472689,19.99398831,21.11848658,0.222750811,62.67123288
8,0.2,1400,0.00358181,20.10729905,22.67917381,0.22479034,58.90410959
2,0.1,1800,0.011300964,20.11355259,21.39503231,0.22492638,57.87671233
10,0.3,2000,0.001901912,20.27148715,21.66135499,0.225820583,55.47945205
9,0.6,600,0.001890591,20.30491453,21.85838248,0.225856228,48.28767123
10,0.5,1700,0.001162525,20.31530262,22.12933438,0.226441716,53.76712329
7,0.3,800,0.002693387,20.40627042,21.92108626,0.227669963,54.45205479
7,0.1,600,0.005725952,20.42808017,21.99141075,0.227909522,64.38356164
5,0.2,400,0.0045677,20.70877578,22.06789698,0.230943451,52.39726027
9,0.4,700,0.00293394,20.709091,23.33874715,0.232340863,55.82191781
10,0.1,800,0.003558939,20.85026658,22.86644228,0.233071097,50.68493151
6,0.6,300,0.004080657,21.01868893,22.94779233,0.23363881,51.36986301
5,0.4,1900,0.00287574,21.00734372,22.55485829,0.234508388,54.10958904
5,0.2,1800,0.005458639,21.06696402,22.8218713,0.235449539,52.73972603
8,0.1,800,0.00389845,21.20423165,22.14067993,0.236402581,58.90410959
7,0.1,1800,0.006035521,21.25423327,22.50977213,0.236711938,56.50684932
8,0.4,1300,0.002214598,21.29070564,23.69521224,0.236837777,56.16438356
9,0.4,1800,0.001837728,21.27625479,22.71078391,0.237044373,53.08219178
7,0.1,1500,0.00452667,21.46201129,22.41231966,0.238992693,48.28767123
9,0.1,1100,0.003982626,21.56766757,22.54500529,0.240155542,46.23287671
10,0.5,1800,0.001751797,21.58566355,23.3827229,0.240894681,54.79452055
10,0.4,400,0.001378365,21.69541645,23.41897653,0.240980127,44.17808219
6,0.5,300,0.002277401,21.55146931,23.49588469,0.241079199,49.31506849
8,0.5,600,0.001958679,21.64459401,23.52277182,0.241796901,48.28767123
9,0.1,500,0.00389727,21.82753709,23.07320312,0.242863391,48.63013699
9,0.2,1500,0.004010578,21.84523439,25.92217693,0.247648151,53.76712329
7,0.2,400,0.004017102,22.40137917,23.25765804,0.24898959,40.06849315
6,0.4,900,0.002858371,22.47783878,23.96146058,0.250419999,44.8630137
10,0.5,1500,0.0017004,22.36859445,24.93235528,0.251324477,48.97260274
7,0.2,300,0.003467884,22.67690648,23.47337146,0.252260116,39.38356164
9,0.1,600,0.002996748,22.75014487,24.19591191,0.253614141,44.17808219
9,0.5,500,0.001780869,22.86699129,26.25700168,0.253707996,47.94520548
9,0.5,300,0.001553006,22.87303137,24.75016697,0.254662498,46.57534247
7,0.5,1200,0.002049037,22.79136651,24.86859979,0.254843358,47.94520548
8,0.3,100,0.004603212,23.00562213,25.15919516,0.258320631,47.26027397
7,0.2,1800,0.003850534,23.31714125,24.16532077,0.259276141,31.84931507
6,0.1,800,0.005306846,23.62837203,24.97502979,0.26318759,41.78082192
9,0.1,1200,0.004915622,23.72299425,25.61146067,0.26393227,42.46575342
10,0.1,600,0.004881986,24.17709346,25.50842136,0.268906594,31.16438356
9,0.1,1300,0.002713969,24.25646809,25.54904984,0.27032244,37.32876712
5,0.1,1200,0.006834594,24.38817714,25.51035784,0.27076522,32.53424658
4,0.2,400,0.005196728,24.51054927,25.39293551,0.272384594,24.31506849
8,0.1,500,0.003893313,24.62344476,25.79922861,0.273898135,35.95890411
6,0.2,1700,0.004016243,24.88579502,26.77237774,0.275851526,36.98630137
10,0.1,1700,0.003292047,25.26359591,26.98428737,0.280848052,33.90410959
10,0.6,1500,0.001145348,25.46991088,28.21275476,0.286427582,40.4109589
8,0.1,900,0.003683288,25.95643636,27.77360346,0.288315859,35.61643836
7,0.1,900,0.004865786,26.15548693,27.76009487,0.293094518,31.84931507
6,0.1,1000,0.00658052,28.1992411,29.67198272,0.314826955,24.65753425
7,0.1,1600,0.00464861,28.57702156,29.42650993,0.316939464,14.7260274
10,0.5,1900,0.001768077,29.32890361,31.65666987,0.331905758,27.73972603
4,0.1,1800,0.006731694,35.61685925,37.75965915,0.402891381,15.06849315
